﻿LOCATION,Country,INDICATOR,SUBJECT,MEASURE,FREQUENCY,TIME,Value,Flag Codes
EST,Estonia,INFANTMORTALITY,TOT,DEATH_1000BIRTH,A,2018,1.6,
ISL,Iceland,INFANTMORTALITY,TOT,DEATH_1000BIRTH,A,2018,1.7,
SVN,Slovenia,INFANTMORTALITY,TOT,DEATH_1000BIRTH,A,2018,1.7,
JPN,Japan,INFANTMORTALITY,TOT,DEATH_1000BIRTH,A,2018,1.9,
SWE,Sweden,INFANTMORTALITY,TOT,DEATH_1000BIRTH,A,2018,2,
FIN,Finland,INFANTMORTALITY,TOT,DEATH_1000BIRTH,A,2018,2.1,
NOR,Norway,INFANTMORTALITY,TOT,DEATH_1000BIRTH,A,2018,2.3,
CZE,Czech Republic,INFANTMORTALITY,TOT,DEATH_1000BIRTH,A,2018,2.6,
AUT,Austria,INFANTMORTALITY,TOT,DEATH_1000BIRTH,A,2018,2.7,
ESP,Spain,INFANTMORTALITY,TOT,DEATH_1000BIRTH,A,2018,2.7,
ITA,Italy,INFANTMORTALITY,TOT,DEATH_1000BIRTH,A,2018,2.8,
KOR,Korea,INFANTMORTALITY,TOT,DEATH_1000BIRTH,A,2018,2.8,
IRL,Ireland,INFANTMORTALITY,TOT,DEATH_1000BIRTH,A,2018,2.9,
ISR,Israel,INFANTMORTALITY,TOT,DEATH_1000BIRTH,A,2018,3,
AUS,Australia,INFANTMORTALITY,TOT,DEATH_1000BIRTH,A,2018,3.1,
DEU,Germany,INFANTMORTALITY,TOT,DEATH_1000BIRTH,A,2018,3.2,
LVA,Latvia,INFANTMORTALITY,TOT,DEATH_1000BIRTH,A,2018,3.2,
HUN,Hungary,INFANTMORTALITY,TOT,DEATH_1000BIRTH,A,2018,3.3,
PRT,Portugal,INFANTMORTALITY,TOT,DEATH_1000BIRTH,A,2018,3.3,
CHE,Switzerland,INFANTMORTALITY,TOT,DEATH_1000BIRTH,A,2018,3.3,
LTU,Lithuania,INFANTMORTALITY,TOT,DEATH_1000BIRTH,A,2018,3.4,
GRC,Greece,INFANTMORTALITY,TOT,DEATH_1000BIRTH,A,2018,3.5,
NLD,Netherlands,INFANTMORTALITY,TOT,DEATH_1000BIRTH,A,2018,3.5,
DNK,Denmark,INFANTMORTALITY,TOT,DEATH_1000BIRTH,A,2018,3.7,
BEL,Belgium,INFANTMORTALITY,TOT,DEATH_1000BIRTH,A,2018,3.8,
FRA,France,INFANTMORTALITY,TOT,DEATH_1000BIRTH,A,2018,3.8,
POL,Poland,INFANTMORTALITY,TOT,DEATH_1000BIRTH,A,2018,3.8,
GBR,United Kingdom,INFANTMORTALITY,TOT,DEATH_1000BIRTH,A,2018,3.9,
LUX,Luxembourg,INFANTMORTALITY,TOT,DEATH_1000BIRTH,A,2018,4.3,
CAN,Canada,INFANTMORTALITY,TOT,DEATH_1000BIRTH,A,2018,4.7,
SVK,Slovak Republic,INFANTMORTALITY,TOT,DEATH_1000BIRTH,A,2018,5,
RUS,Russian Federation,INFANTMORTALITY,TOT,DEATH_1000BIRTH,A,2018,5.1,
USA,United States,INFANTMORTALITY,TOT,DEATH_1000BIRTH,A,2018,5.7,
CHL,Chile,INFANTMORTALITY,TOT,DEATH_1000BIRTH,A,2018,6.6,
CRI,Costa Rica,INFANTMORTALITY,TOT,DEATH_1000BIRTH,A,2018,8.4,
TUR,Turkey,INFANTMORTALITY,TOT,DEATH_1000BIRTH,A,2018,9.2,
MEX,Mexico,INFANTMORTALITY,TOT,DEATH_1000BIRTH,A,2018,12.9,
COL,Colombia,INFANTMORTALITY,TOT,DEATH_1000BIRTH,A,2018,17.5,
